id;name;phone_number;gender;address_line_1;address_line_2;address_line_3;address_line_4;city;state;country;zip
1;Assistant;Generic heuristic;FEMALE;Rustic Team-oriented firmware;empower Auto Loan Account Music;Principal sky blue;generate Hong Kong alarm;Lake Kyliefort;Chile dedicated;Ethiopia;synthesize mobile
2;Direct;Villages fuchsia Administrator;DIVERSE;artificial intelligence;bypass Awesome Steel Tuna Spurs;Specialist copying;protocol;Rogersfurt;transmit;Croatia;Compatible primary
3;Credit Card Account;Algerian Dinar;DIVERSE;Investment Account Chair azure;redundant;quantifying Lead;invoice;New Serenity;Rhode Island Court;Paraguay;FTP Rustic
4;Re-engineered;Refined Hat Hat;DIVERSE;override;Ports Outdoors Horizontal;generating Kenya Handcrafted;Architect Shirt Liaison;Reganberg;Cotton;Ireland;approach maroon Branding
5;Via;transmitting Virtual;DIVERSE;Savings Account;Equatorial Guinea Fall compressing;Forint Steel black;Small Manat upward-trending;Alyciahaven;Analyst;Serbia;SAS Kids Future
6;Stand-alone Intranet;Serbian Dinar Cambridgeshire;MALE;Dynamic Meadows;Brand system-worthy Soft;Cocos (Keeling) Islands scale Checking Account;Maine bypass embrace;Wittingburgh;optical mindshare;Reunion;synthesizing salmon Strategist
7;full-range;Unbranded Soft Bacon Games orange;MALE;Bike connecting Fantastic;transmit Investment Account;needs-based;Saint Helena;Weissnatmouth;Wooden deposit;Slovenia;Dam Refined Steel Soap
8;online calculate turquoise;Graphical User Interface Rhode Island Mandatory;DIVERSE;Web Minnesota;array Awesome;foreground Refined grey;parsing Philippine Peso;Wilburnburgh;Buckinghamshire New Mexico Wooden;Equatorial Guinea;solid state JSON parsing
9;Fantastic Lithuania radical;Frozen leading edge;DIVERSE;methodologies;Netherlands Antillian Guilder Avon Awesome;Upgradable Health Assistant;backing up e-tailers;New Katrinamouth;Architect;Iraq;Grocery
10;Ball Central Proactive;Comoro Franc Loaf generating;MALE;olive input;haptic hacking Markets;sexy;silver;Morarstad;Pula;Estonia;monitor Brand payment
